Brand,Price,Availability,Special Edition,Model_Name,Certified_Pre_Owned
Chopard,13 800 €,In Stock,Not Special Edition,L.U.C.,Certified Pre-Owned
Chopard,20 700 €,In Stock,Not Special Edition,Happy Sport,Certified Pre-Owned
Zenith,15 100 €,In Stock,Not Special Edition,Chronomaster,Certified Pre-Owned
Blancpain,11 400 €,In Stock,Not Special Edition,Fifty Fathoms,Certified Pre-Owned
Girard-Perregaux,8 800 €,In Stock,Not Special Edition,1966,Certified Pre-Owned
Oris,1 600 €,In Stock,Not Special Edition,Divers,Certified Pre-Owned
Oris,2 500 €,In Stock,Not Special Edition,Aquis,Certified Pre-Owned
Oris,1 800 €,In Stock,Not Special Edition,Big Crown Propilot,Certified Pre-Owned
Montblanc,2 400 €,In Stock,Not Special Edition,Montblanc 4810,Certified Pre-Owned
Montblanc,3 100 €,In Stock,Not Special Edition,TimeWalker,Certified Pre-Owned
Longines,5 600 €,In Stock,Not Special Edition,Master,Certified Pre-Owned
Omega,3 400 €,In Stock,Not Special Edition,Speedmaster  Certified Pre Owned,
Omega,6 200 €,In Stock,Not Special Edition,Speedmaster  Certified Pre Owned,
Cartier,3 500 €,In Stock,Not Special Edition,Pasha  Certified Pre Owned,
Cartier,3 800 €,In Stock,Not Special Edition,Panthere  Certified Pre Owned,
Rado,1 400 €,In Stock,Not Special Edition,True Thinline,Certified Pre-Owned
Rado,1 400 €,In Stock,Not Special Edition,Diamaster,Certified Pre-Owned
Roger Dubuis,26 800 €,In Stock,Not Special Edition,Excalibur,Certified Pre-Owned
Zenith,25 300 €,In Stock,Not Special Edition,Star,Certified Pre-Owned
Roger Dubuis,26 800 €,In Stock,Not Special Edition,Excalibur,Certified Pre-Owned
Zenith,20 600 €,In Stock,Not Special Edition,,Certified Pre-Owned
Roger Dubuis,31 400 €,In Stock,Not Special Edition,Velvet,Certified Pre-Owned
Roger Dubuis,17 500 €,In Stock,Not Special Edition,Velvet,Certified Pre-Owned
Roger Dubuis,29 200 €,In Stock,Not Special Edition,Velvet,Certified Pre-Owned
Glashütte Original,69 300 €,In Stock,Not Special Edition,Pano Lunartourbillon,Certified Pre-Owned
Glashütte Original,20 900 €,In Stock,Not Special Edition,Senator,Certified Pre-Owned
Blancpain,72 700 €,In Stock,Not Special Edition,Villeret,Certified Pre-Owned
Baume & Mercier,1 800 €,In Stock,Not Special Edition,Promesse,Certified Pre-Owned
Carl F. Bucherer,7 100 €,In Stock,Not Special Edition,Patravi Traveltec II,Certified Pre-Owned
Breitling,4 000 €,In Stock,Not Special Edition,Avenger,Certified Pre-Owned
Omega,4 000 €,In Stock,Not Special Edition,Speedmaster Date,Certified Pre-Owned
Cartier,7 800 €,In Stock,Not Special Edition,Tank,Certified Pre-Owned
Cartier,11 550 €,In Stock,Not Special Edition,Captive,Certified Pre-Owned
Tudor,6 600 €,In Stock,Not Special Edition,Prince,Certified Pre-Owned
IWC Schaffhausen,14 500 €,In Stock,Not Special Edition,Portugieser Regulateur,Certified Pre-Owned
IWC Schaffhausen,6 750 €,In Stock,Not Special Edition,Aquatimer Darwin,Certified Pre-Owned
Glashütte Original,32 900 €,In Stock,Not Special Edition,Senator,Certified Pre-Owned
Audemars Piguet,33 000 €,In Stock,Not Special Edition,Royal Oak,Certified Pre-Owned
Omega,10 500 €,In Stock,Not Special Edition,Speedmaster Moonw.,Certified Pre-Owned
Audemars Piguet,65 900 €,In Stock,Not Special Edition,Royal Oak Offshore,Certified Pre-Owned
Baume & Mercier,1 400 €,In Stock,Not Special Edition,Promesse,Certified Pre-Owned
Rado,1 300 €,Unavailable,Not Special Edition,True Thinline,Certified Pre-Owned
Piaget,64 500 €,In Stock,Not Special Edition,Polo,Certified Pre-Owned
Piaget,47 100 €,In Stock,Not Special Edition,Polo,Certified Pre-Owned
Piaget,26 000 €,In Stock,Not Special Edition,Altiplano,Certified Pre-Owned
Piaget,25 000 €,In Stock,Not Special Edition,Altiplano,Certified Pre-Owned
Roger Dubuis,28 800 €,In Stock,Not Special Edition,Velvet,Certified Pre-Owned
Piaget,45 400 €,In Stock,Not Special Edition,Limelight,Certified Pre-Owned
Glashütte Original,9 300 €,In Stock,Not Special Edition,Serenade,Certified Pre-Owned
Carl F. Bucherer,5 300 €,In Stock,Not Special Edition,Patravi,Certified Pre-Owned
Glashütte Original,17 100 €,In Stock,Not Special Edition,Senator,Certified Pre-Owned
Carl F. Bucherer,5 000 €,In Stock,Not Special Edition,Patravi,Certified Pre-Owned
Breguet,47 900 €,In Stock,Not Special Edition,Marine,Certified Pre-Owned
Breguet,33 900 €,In Stock,Not Special Edition,Classique,Certified Pre-Owned
Breguet,46 700 €,In Stock,Not Special Edition,Classique,Certified Pre-Owned
Breguet,17 400 €,In Stock,Not Special Edition,Reine De Naples,Certified Pre-Owned
Blancpain,82 400 €,In Stock,Not Special Edition,Villeret,Certified Pre-Owned
Blancpain,15 800 €,In Stock,Not Special Edition,L-Evolution,Certified Pre-Owned
Roger Dubuis,118 900 €,In Stock,Not Special Edition,Excalibur,Certified Pre-Owned
Chopard,16 200 €,In Stock,Not Special Edition,L.U.C. Perpetual Twin,Certified Pre-Owned
Chopard,25 200 €,Unavailable,Not Special Edition,L.U.C.,Certified Pre-Owned
Roger Dubuis,30 300 €,In Stock,Not Special Edition,Velvet,Certified Pre-Owned
Chopard,30 900 €,In Stock,Not Special Edition,Happy Sport,Certified Pre-Owned
IWC Schaffhausen,43 000 €,In Stock,Not Special Edition,Portofino,Certified Pre-Owned
IWC Schaffhausen,65 700 €,In Stock,Not Special Edition,Portugieser,Certified Pre-Owned
Breguet,29 700 €,In Stock,Not Special Edition,Héritage  Certified Pre Owned,
Breguet,10 500 €,In Stock,Special Edition,Type XXII,Certified Pre-Owned
IWC Schaffhausen,35 000 €,In Stock,Not Special Edition,Ingenieur Ingenieur,Certified Pre-Owned
IWC Schaffhausen,11 200 €,In Stock,Not Special Edition,Pilot,Certified Pre-Owned
Cartier,18 000 €,In Stock,Not Special Edition,Ballon Bleu de Cartier,Certified Pre-Owned
